run_id,algo_name,instance_id,seed,timestamp,num_jobs,num_machines,num_distributors,num_episodes,total_tardiness,tardy_penalty,objective_value,final_makespan,avg_makespan,on_time_rate,avg_flow_time,avg_waiting_time,machine_utilization,demand_coverage,avg_reward,std_reward,best_reward,final_reward,total_time_s,time_per_episode_s,time_per_step_ms,total_steps,learning_rate,batch_size,epsilon_start,epsilon_end,algorithm_type,episode_rewards_series
20251021_104739_42,True_Hierarchical_RL_Production+Delivery,Small-0J10M15D,42,2025-10-21 10:47:39,20,10,15,42,0.0,"[0, 0, 0, 0, 0, 0, 0, 0, 0, 0, 0, 0, 0, 0, 0, 0, 0, 0, 0, 0, 0, 0, 0, 0, 0, 0, 0, 0, 0, 0, 0, 0, 0, 0, 0, 0, 0, 0, 0, 0, 0, 0]",0.0,201.0,201.0,0.0,0.0,0.0,"[0.36766169154228856, 0.735820895522388, 1.0437810945273631, 1.3562189054726368, 1.662686567164179, 1.9432835820895522, 2.183084577114428, 2.3422885572139305, 2.5159203980099503, 2.6248756218905474, 2.6248756218905474, 2.6248756218905474, 2.6248756218905474, 2.6248756218905474, 2.6248756218905474, 2.6248756218905474, 2.6248756218905474, 2.6248756218905474, 2.6248756218905474, 2.6248756218905474, 2.6248756218905474, 2.6248756218905474, 2.6248756218905474, 2.6248756218905474, 2.6248756218905474, 2.6248756218905474, 2.6248756218905474, 2.6248756218905474, 2.6248756218905474, 2.6248756218905474, 2.6248756218905474, 2.6248756218905474, 2.6248756218905474, 2.6248756218905474, 2.6248756218905474, 2.6248756218905474, 2.6248756218905474, 2.6248756218905474, 2.6248756218905474, 2.6248756218905474, 2.6248756218905474, 2.6248756218905474]",0.0,-51.9182968978111,32.95648415366969,35.47845926714051,-67.18029937399837,27.051438093185425,0.6440818593615577,7.650293578389544,3536,0.0003,8,0.8,0.05,Unknown,"35.4785,-39.5593,21.0978,7.5198,-5.9128,3.1505,-67.1122,15.6984,-42.4112,-73.2947,-82.9197,-80.5623,-78.0028,-63.3944,-99.0834,-76.9645,-92.0231,-58.3466,-86.7441,-82.8756,-84.6341,-46.3506,-56.2627,-51.9255,-43.4110,-44.1453,-77.9002,-78.5191,-16.9954,-72.5309,-48.4657,-72.7792,-73.3746,-37.8066,-66.9973,-29.2654,-14.3136,-72.0807,-72.6223,-70.4435,-36.3028,-67.1803"
20251021_104739_42,RuleDQN_DispatchHeuri,Small-40J10M15D,42,2025-10-21 10:47:39,20,10,15,42,0.0,"[0, 0, 0, 0, 0, 0, 0, 0, 0, 0, 0, 0, 0, 0, 0, 0, 0, 0, 0, 0, 0, 0, 0, 0, 0, 0, 0, 0, 0, 0, 0, 0, 0, 0, 0, 0, 0, 0, 0, 0, 0, 0]",0.0,201.0,201.0,0.0,0.0,0.0,"[0.36766169154228856, 0.735820895522388, 1.0437810945273631, 1.3562189054726368, 1.662686567164179, 1.9432835820895522, 2.183084577114428, 2.3422885572139305, 2.5159203980099503, 2.6248756218905474, 2.6248756218905474, 2.6248756218905474, 2.6248756218905474, 2.6248756218905474, 2.6248756218905474, 2.6248756218905474, 2.6248756218905474, 2.6248756218905474, 2.6248756218905474, 2.6248756218905474, 2.6248756218905474, 2.6248756218905474, 2.6248756218905474, 2.6248756218905474, 2.6248756218905474, 2.6248756218905474, 2.6248756218905474, 2.6248756218905474, 2.6248756218905474, 2.6248756218905474, 2.6248756218905474, 2.6248756218905474, 2.6248756218905474, 2.6248756218905474, 2.6248756218905474, 2.6248756218905474, 2.6248756218905474, 2.6248756218905474, 2.6248756218905474, 2.6248756218905474, 2.6248756218905474, 2.6248756218905474]",0.0,-51.9182968978111,32.95648415366969,35.47845926714051,-67.18029937399837,29.83916187286377,0.710456235068185,8.43867700024428,3536,0.0003,8,0.8,0.05,Unknown,"35.4785,-39.5593,21.0978,7.5198,-5.9128,3.1505,-67.1122,15.6984,-42.4112,-73.2947,-82.9197,-80.5623,-78.0028,-63.3944,-99.0834,-76.9645,-92.0231,-58.3466,-86.7441,-82.8756,-84.6341,-46.3506,-56.2627,-51.9255,-43.4110,-44.1453,-77.9002,-78.5191,-16.9954,-72.5309,-48.4657,-72.7792,-73.3746,-37.8066,-66.9973,-29.2654,-14.3136,-72.0807,-72.6223,-70.4435,-36.3028,-67.1803"
20251021_105129_42,True_Hierarchical_RL_Production+Delivery,Small-0J10M15D,42,2025-10-21 10:51:29,20,10,15,42,0.0,"[0, 0, 0, 0, 0, 0, 0, 0, 0, 0, 0, 0, 0, 0, 0, 0, 0, 0, 0, 0, 0, 0, 0, 0, 0, 0, 0, 0, 0, 0, 0, 0, 0, 0, 0, 0, 0, 0, 0, 0, 0, 0]",0.0,201.0,201.0,0.0,0.0,0.0,"[0.36766169154228856, 0.7208955223880597, 1.0835820895522388, 1.4472636815920399, 1.7865671641791045, 2.109452736318408, 2.3751243781094526, 2.4502487562189055, 2.569154228855721, 2.6502487562189057, 2.6502487562189057, 2.6502487562189057, 2.6502487562189057, 2.6502487562189057, 2.6502487562189057, 2.6502487562189057, 2.6502487562189057, 2.6502487562189057, 2.6502487562189057, 2.6502487562189057, 2.6502487562189057, 2.6502487562189057, 2.6502487562189057, 2.6502487562189057, 2.6502487562189057, 2.6502487562189057, 2.6502487562189057, 2.6502487562189057, 2.6502487562189057, 2.6502487562189057, 2.6502487562189057, 2.6502487562189057, 2.6502487562189057, 2.6502487562189057, 2.6502487562189057, 2.6502487562189057, 2.6502487562189057, 2.6502487562189057, 2.6502487562189057, 2.6502487562189057, 2.6502487562189057, 2.6502487562189057]",0.0,94.70974681267678,126.04371049749534,471.07609563528507,17.931627163482265,31.76823091506958,0.7563864503587995,8.984228199963116,3536,0.0003,8,0.8,0.05,Unknown,"471.0761,410.4400,392.9323,363.0658,302.6566,387.6658,193.9649,74.2338,127.7577,128.8832,17.3391,38.3694,35.4075,20.3249,62.7453,62.6674,36.1322,58.7533,20.5002,18.8963,35.3671,62.4619,65.4581,20.2199,17.9210,45.0773,37.9673,19.0208,61.8407,57.1596,18.0502,19.1437,45.0160,38.5795,17.5820,19.6528,17.5956,18.3563,20.4585,62.1844,36.9533,17.9316"
20251021_105129_42,RuleDQN_DispatchHeuri,Small-40J10M15D,42,2025-10-21 10:51:29,20,10,15,42,0.0,"[0, 0, 0, 0, 0, 0, 0, 0, 0, 0, 0, 0, 0, 0, 0, 0, 0, 0, 0, 0, 0, 0, 0, 0, 0, 0, 0, 0, 0, 0, 0, 0, 0, 0, 0, 0, 0, 0, 0, 0, 0, 0]",0.0,201.0,201.0,0.0,0.0,0.0,"[0.36766169154228856, 0.7208955223880597, 1.0835820895522388, 1.4472636815920399, 1.7865671641791045, 2.109452736318408, 2.3751243781094526, 2.4502487562189055, 2.569154228855721, 2.6502487562189057, 2.6502487562189057, 2.6502487562189057, 2.6502487562189057, 2.6502487562189057, 2.6502487562189057, 2.6502487562189057, 2.6502487562189057, 2.6502487562189057, 2.6502487562189057, 2.6502487562189057, 2.6502487562189057, 2.6502487562189057, 2.6502487562189057, 2.6502487562189057, 2.6502487562189057, 2.6502487562189057, 2.6502487562189057, 2.6502487562189057, 2.6502487562189057, 2.6502487562189057, 2.6502487562189057, 2.6502487562189057, 2.6502487562189057, 2.6502487562189057, 2.6502487562189057, 2.6502487562189057, 2.6502487562189057, 2.6502487562189057, 2.6502487562189057, 2.6502487562189057, 2.6502487562189057, 2.6502487562189057]",0.0,94.70974681267678,126.04371049749534,471.07609563528507,17.931627163482265,34.38728713989258,0.8187449319022042,9.724911521462834,3536,0.0003,8,0.8,0.05,Unknown,"471.0761,410.4400,392.9323,363.0658,302.6566,387.6658,193.9649,74.2338,127.7577,128.8832,17.3391,38.3694,35.4075,20.3249,62.7453,62.6674,36.1322,58.7533,20.5002,18.8963,35.3671,62.4619,65.4581,20.2199,17.9210,45.0773,37.9673,19.0208,61.8407,57.1596,18.0502,19.1437,45.0160,38.5795,17.5820,19.6528,17.5956,18.3563,20.4585,62.1844,36.9533,17.9316"
20251021_105417_42,True_Hierarchical_RL_Production+Delivery,Small-0J10M15D,42,2025-10-21 10:54:17,20,10,15,42,0.0,"[0, 0, 0, 0, 0, 0, 0, 0, 0, 0, 0, 0, 0, 0, 0, 0, 0, 0, 0, 0, 0, 0, 0, 0, 0, 0, 0, 0, 0, 0, 0, 0, 0, 0, 0, 0, 0, 0, 0, 0, 0, 0]",0.0,201.0,201.0,0.0,0.0,0.0,"[0.36766169154228856, 0.7208955223880597, 1.0835820895522388, 1.4472636815920399, 1.7865671641791045, 2.109452736318408, 2.3751243781094526, 2.4502487562189055, 2.569154228855721, 2.6502487562189057, 2.6502487562189057, 2.6502487562189057, 2.6502487562189057, 2.6502487562189057, 2.6502487562189057, 2.6502487562189057, 2.6502487562189057, 2.6502487562189057, 2.6502487562189057, 2.6502487562189057, 2.6502487562189057, 2.6502487562189057, 2.6502487562189057, 2.6502487562189057, 2.6502487562189057, 2.6502487562189057, 2.6502487562189057, 2.6502487562189057, 2.6502487562189057, 2.6502487562189057, 2.6502487562189057, 2.6502487562189057, 2.6502487562189057, 2.6502487562189057, 2.6502487562189057, 2.6502487562189057, 2.6502487562189057, 2.6502487562189057, 2.6502487562189057, 2.6502487562189057, 2.6502487562189057, 2.6502487562189057]",0.0,94.70974681267678,126.04371049749534,471.07609563528507,17.931627163482265,25.794075965881348,0.6141446658543178,7.294704741482282,3536,0.0003,8,0.8,0.05,Unknown,"471.0761,410.4400,392.9323,363.0658,302.6566,387.6658,193.9649,74.2338,127.7577,128.8832,17.3391,38.3694,35.4075,20.3249,62.7453,62.6674,36.1322,58.7533,20.5002,18.8963,35.3671,62.4619,65.4581,20.2199,17.9210,45.0773,37.9673,19.0208,61.8407,57.1596,18.0502,19.1437,45.0160,38.5795,17.5820,19.6528,17.5956,18.3563,20.4585,62.1844,36.9533,17.9316"
20251021_105417_42,RuleDQN_DispatchHeuri,Small-40J10M15D,42,2025-10-21 10:54:17,20,10,15,42,0.0,"[0, 0, 0, 0, 0, 0, 0, 0, 0, 0, 0, 0, 0, 0, 0, 0, 0, 0, 0, 0, 0, 0, 0, 0, 0, 0, 0, 0, 0, 0, 0, 0, 0, 0, 0, 0, 0, 0, 0, 0, 0, 0]",0.0,201.0,201.0,0.0,0.0,0.0,"[0.36766169154228856, 0.7208955223880597, 1.0835820895522388, 1.4472636815920399, 1.7865671641791045, 2.109452736318408, 2.3751243781094526, 2.4502487562189055, 2.569154228855721, 2.6502487562189057, 2.6502487562189057, 2.6502487562189057, 2.6502487562189057, 2.6502487562189057, 2.6502487562189057, 2.6502487562189057, 2.6502487562189057, 2.6502487562189057, 2.6502487562189057, 2.6502487562189057, 2.6502487562189057, 2.6502487562189057, 2.6502487562189057, 2.6502487562189057, 2.6502487562189057, 2.6502487562189057, 2.6502487562189057, 2.6502487562189057, 2.6502487562189057, 2.6502487562189057, 2.6502487562189057, 2.6502487562189057, 2.6502487562189057, 2.6502487562189057, 2.6502487562189057, 2.6502487562189057, 2.6502487562189057, 2.6502487562189057, 2.6502487562189057, 2.6502487562189057, 2.6502487562189057, 2.6502487562189057]",0.0,94.70974681267678,126.04371049749534,471.07609563528507,17.931627163482265,28.67784810066223,0.6828059071586245,8.110251159689545,3536,0.0003,8,0.8,0.05,Unknown,"471.0761,410.4400,392.9323,363.0658,302.6566,387.6658,193.9649,74.2338,127.7577,128.8832,17.3391,38.3694,35.4075,20.3249,62.7453,62.6674,36.1322,58.7533,20.5002,18.8963,35.3671,62.4619,65.4581,20.2199,17.9210,45.0773,37.9673,19.0208,61.8407,57.1596,18.0502,19.1437,45.0160,38.5795,17.5820,19.6528,17.5956,18.3563,20.4585,62.1844,36.9533,17.9316"
20251021_105701_42,True_Hierarchical_RL_Production+Delivery,Small-0J10M15D,42,2025-10-21 10:57:01,20,10,15,42,0.0,"[0, 0, 0, 0, 0, 0, 0, 0, 0, 0, 0, 0, 0, 0, 0, 0, 0, 0, 0, 0, 0, 0, 0, 0, 0, 0, 0, 0, 0, 0, 0, 0, 0, 0, 0, 0, 0, 0, 0, 0, 0, 0]",0.0,201.0,201.0,0.0,0.0,0.0,"[0.36766169154228856, 0.7208955223880597, 1.0805970149253732, 1.4412935323383085, 1.8253731343283581, 2.182089552238806, 2.524378109452736, 2.81044776119403, 2.9865671641791045, 3.0950248756218905, 3.2054726368159203, 3.31044776119403, 3.406965174129353, 3.4562189054726367, 3.4562189054726367, 3.4562189054726367, 3.4562189054726367, 3.4562189054726367, 3.4562189054726367, 3.4562189054726367, 3.4562189054726367, 3.4562189054726367, 3.4562189054726367, 3.4562189054726367, 3.4562189054726367, 3.4562189054726367, 3.4562189054726367, 3.4562189054726367, 3.4562189054726367, 3.4562189054726367, 3.4562189054726367, 3.4562189054726367, 3.4562189054726367, 3.4562189054726367, 3.4562189054726367, 3.4562189054726367, 3.4562189054726367, 3.4562189054726367, 3.4562189054726367, 3.4562189054726367, 3.4562189054726367, 3.4562189054726367]",0.0,246.43421287865908,56.48716126947105,357.227786326609,214.65943418556353,30.155044078826904,0.7179772399720692,8.52801020328815,3536,0.0003,8,0.8,0.05,Unknown,"344.9747,301.4498,318.6705,336.8275,319.2835,324.4481,334.2641,312.6863,356.6817,325.2323,318.0518,357.2278,308.2557,272.9302,220.9888,200.5459,208.6010,198.4791,198.8383,214.1194,198.2010,198.9958,211.3683,226.9824,221.6163,198.3071,215.4649,214.1617,199.6441,198.4549,200.0556,214.6343,197.9040,209.8354,200.2649,199.0498,210.4672,198.9563,226.7288,210.4060,211.5223,214.6594"
20251021_105701_42,RuleDQN_DispatchHeuri,Small-40J10M15D,42,2025-10-21 10:57:01,20,10,15,42,0.0,"[0, 0, 0, 0, 0, 0, 0, 0, 0, 0, 0, 0, 0, 0, 0, 0, 0, 0, 0, 0, 0, 0, 0, 0, 0, 0, 0, 0, 0, 0, 0, 0, 0, 0, 0, 0, 0, 0, 0, 0, 0, 0]",0.0,201.0,201.0,0.0,0.0,0.0,"[0.36766169154228856, 0.7208955223880597, 1.0805970149253732, 1.4412935323383085, 1.8253731343283581, 2.182089552238806, 2.524378109452736, 2.81044776119403, 2.9865671641791045, 3.0950248756218905, 3.2054726368159203, 3.31044776119403, 3.406965174129353, 3.4562189054726367, 3.4562189054726367, 3.4562189054726367, 3.4562189054726367, 3.4562189054726367, 3.4562189054726367, 3.4562189054726367, 3.4562189054726367, 3.4562189054726367, 3.4562189054726367, 3.4562189054726367, 3.4562189054726367, 3.4562189054726367, 3.4562189054726367, 3.4562189054726367, 3.4562189054726367, 3.4562189054726367, 3.4562189054726367, 3.4562189054726367, 3.4562189054726367, 3.4562189054726367, 3.4562189054726367, 3.4562189054726367, 3.4562189054726367, 3.4562189054726367, 3.4562189054726367, 3.4562189054726367, 3.4562189054726367, 3.4562189054726367]",0.0,246.43421287865908,56.48716126947105,357.227786326609,214.65943418556353,32.78614830970764,0.7806225788025629,9.272100766320033,3536,0.0003,8,0.8,0.05,Unknown,"344.9747,301.4498,318.6705,336.8275,319.2835,324.4481,334.2641,312.6863,356.6817,325.2323,318.0518,357.2278,308.2557,272.9302,220.9888,200.5459,208.6010,198.4791,198.8383,214.1194,198.2010,198.9958,211.3683,226.9824,221.6163,198.3071,215.4649,214.1617,199.6441,198.4549,200.0556,214.6343,197.9040,209.8354,200.2649,199.0498,210.4672,198.9563,226.7288,210.4060,211.5223,214.6594"
20251021_105936_42,True_Hierarchical_RL_Production+Delivery,Small-0J10M15D,42,2025-10-21 10:59:36,20,10,15,42,0.0,"[0, 0, 0, 0, 0, 0, 0, 0, 0, 0, 0, 0, 0, 0, 0, 0, 0, 0, 0, 0, 0, 0, 0, 0, 0, 0, 0, 0, 0, 0, 0, 0, 0, 0, 0, 0, 0, 0, 0, 0, 0, 0]",0.0,201.0,201.0,0.0,0.0,0.0,"[0.36766169154228856, 0.7208955223880597, 1.0835820895522388, 1.4472636815920399, 1.7865671641791045, 2.109452736318408, 2.3751243781094526, 2.4502487562189055, 2.569154228855721, 2.6398009950248755, 2.6885572139303484, 2.7517412935323384, 2.7517412935323384, 2.7517412935323384, 2.7517412935323384, 2.7517412935323384, 2.7517412935323384, 2.7517412935323384, 2.7517412935323384, 2.7517412935323384, 2.7517412935323384, 2.7517412935323384, 2.7517412935323384, 2.7517412935323384, 2.7517412935323384, 2.7517412935323384, 2.7517412935323384, 2.7517412935323384, 2.7517412935323384, 2.7517412935323384, 2.7517412935323384, 2.7517412935323384, 2.7517412935323384, 2.7517412935323384, 2.7517412935323384, 2.7517412935323384, 2.7517412935323384, 2.7517412935323384, 2.7517412935323384, 2.7517412935323384, 2.7517412935323384, 2.7517412935323384]",0.0,558.9251937158467,60.46003258627612,775.0602594893212,529.5743652497758,22.569958925247192,0.5373799744106474,6.382906935873075,3536,0.0003,8,0.8,0.05,Unknown,"775.0603,597.8730,634.9030,588.1586,552.0501,691.7957,533.3190,604.0483,633.1240,646.1963,661.6211,670.5689,503.3332,510.3768,528.4148,506.3326,545.9566,508.6857,533.7030,498.5399,533.3112,575.8115,499.9970,556.6582,546.3143,530.2502,502.3672,566.8822,488.9811,523.9015,561.3974,533.1265,544.4990,511.0293,559.7886,545.6912,563.2680,499.4749,531.3173,534.0008,513.1555,529.5744"
20251021_105936_42,RuleDQN_DispatchHeuri,Small-40J10M15D,42,2025-10-21 10:59:36,20,10,15,42,0.0,"[0, 0, 0, 0, 0, 0, 0, 0, 0, 0, 0, 0, 0, 0, 0, 0, 0, 0, 0, 0, 0, 0, 0, 0, 0, 0, 0, 0, 0, 0, 0, 0, 0, 0, 0, 0, 0, 0, 0, 0, 0, 0]",0.0,201.0,201.0,0.0,0.0,0.0,"[0.36766169154228856, 0.7208955223880597, 1.0835820895522388, 1.4472636815920399, 1.7865671641791045, 2.109452736318408, 2.3751243781094526, 2.4502487562189055, 2.569154228855721, 2.6398009950248755, 2.6885572139303484, 2.7517412935323384, 2.7517412935323384, 2.7517412935323384, 2.7517412935323384, 2.7517412935323384, 2.7517412935323384, 2.7517412935323384, 2.7517412935323384, 2.7517412935323384, 2.7517412935323384, 2.7517412935323384, 2.7517412935323384, 2.7517412935323384, 2.7517412935323384, 2.7517412935323384, 2.7517412935323384, 2.7517412935323384, 2.7517412935323384, 2.7517412935323384, 2.7517412935323384, 2.7517412935323384, 2.7517412935323384, 2.7517412935323384, 2.7517412935323384, 2.7517412935323384, 2.7517412935323384, 2.7517412935323384, 2.7517412935323384, 2.7517412935323384, 2.7517412935323384, 2.7517412935323384]",0.0,558.9251937158467,60.46003258627612,775.0602594893212,529.5743652497758,25.020258903503418,0.5957204500834147,7.075865074520197,3536,0.0003,8,0.8,0.05,Unknown,"775.0603,597.8730,634.9030,588.1586,552.0501,691.7957,533.3190,604.0483,633.1240,646.1963,661.6211,670.5689,503.3332,510.3768,528.4148,506.3326,545.9566,508.6857,533.7030,498.5399,533.3112,575.8115,499.9970,556.6582,546.3143,530.2502,502.3672,566.8822,488.9811,523.9015,561.3974,533.1265,544.4990,511.0293,559.7886,545.6912,563.2680,499.4749,531.3173,534.0008,513.1555,529.5744"
20251021_110443_42,True_Hierarchical_RL_Production+Delivery,Small-0J10M15D,42,2025-10-21 11:04:43,20,10,15,150,0.0,"[0, 0, 0, 0, 0, 0, 0, 0, 0, 0, 0, 0, 0, 0, 0, 0, 0, 0, 0, 0, 0, 0, 0, 0, 0, 0, 0, 0, 0, 0, 0, 0, 0, 0, 0, 0, 0, 0, 0, 0, 0, 0, 0, 0, 0, 0, 0, 0, 0, 0, 0, 0, 0, 0, 0, 0, 0, 0, 0, 0, 0, 0, 0, 0, 0, 0, 0, 0, 0, 0, 0, 0, 0, 0, 0, 0, 0, 0, 0, 0, 0, 0, 0, 0, 0, 0, 0, 0, 0, 0, 0, 0, 0, 0, 0, 0, 0, 0, 0, 0, 0, 0, 0, 0, 0, 0, 0, 0, 0, 0, 0, 0, 0, 0, 0, 0, 0, 0, 0, 0, 0, 0, 0, 0, 0, 0, 0, 0, 0, 0, 0, 0, 0, 0, 0, 0, 0, 0, 0, 0, 0, 0, 0, 0, 0, 0, 0, 0, 0, 0]",0.0,201.0,200.59333333333333,0.0,0.0,0.0,"[0.36766169154228856, 0.6915422885572139, 0.9955223880597015, 1.9321428571428572, 1.690049751243781, 2.0288557213930347, 2.253233830845771, 2.5865671641791046, 2.9293532338308457, 3.328358208955224, 3.6134328358208956, 3.8567164179104476, 4.155223880597015, 4.398009950248756, 4.54776119402985, 4.704477611940298, 4.798507462686567, 4.9099502487562185, 4.971641791044776, 4.971641791044776, 4.971641791044776, 4.971641791044776, 4.971641791044776, 4.971641791044776, 4.971641791044776, 4.971641791044776, 4.971641791044776, 4.971641791044776, 4.971641791044776, 4.971641791044776, 4.971641791044776, 4.971641791044776, 4.971641791044776, 4.971641791044776, 4.971641791044776, 4.971641791044776, 4.971641791044776, 4.971641791044776, 4.971641791044776, 4.971641791044776, 4.971641791044776, 4.971641791044776, 4.971641791044776, 4.971641791044776, 4.971641791044776, 4.971641791044776, 4.971641791044776, 4.971641791044776, 4.971641791044776, 4.971641791044776, 4.971641791044776, 4.971641791044776, 4.971641791044776, 4.971641791044776, 4.971641791044776, 4.971641791044776, 4.971641791044776, 4.971641791044776, 4.971641791044776, 4.971641791044776, 4.971641791044776, 4.971641791044776, 4.971641791044776, 4.971641791044776, 4.971641791044776, 4.971641791044776, 4.971641791044776, 4.971641791044776, 4.971641791044776, 4.971641791044776, 4.971641791044776, 4.971641791044776, 4.971641791044776, 4.971641791044776, 4.971641791044776, 4.971641791044776, 4.971641791044776, 4.971641791044776, 4.971641791044776, 4.971641791044776, 4.971641791044776, 4.971641791044776, 4.971641791044776, 4.971641791044776, 4.971641791044776, 4.971641791044776, 4.971641791044776, 4.971641791044776, 4.971641791044776, 4.971641791044776, 4.971641791044776, 4.971641791044776, 4.971641791044776, 4.971641791044776, 4.971641791044776, 4.971641791044776, 4.971641791044776, 4.971641791044776, 4.971641791044776, 4.971641791044776, 4.971641791044776, 4.971641791044776, 4.971641791044776, 4.971641791044776, 4.971641791044776, 4.971641791044776, 4.971641791044776, 4.971641791044776, 4.971641791044776, 4.971641791044776, 4.971641791044776, 4.971641791044776, 4.971641791044776, 4.971641791044776, 4.971641791044776, 4.971641791044776, 4.971641791044776, 4.971641791044776, 4.971641791044776, 4.971641791044776, 4.971641791044776, 4.971641791044776, 4.971641791044776, 4.971641791044776, 4.971641791044776, 4.971641791044776, 4.971641791044776, 4.971641791044776, 4.971641791044776, 4.971641791044776, 4.971641791044776, 4.971641791044776, 4.971641791044776, 4.971641791044776, 4.971641791044776, 4.971641791044776, 4.971641791044776, 4.971641791044776, 4.971641791044776, 4.971641791044776, 4.971641791044776, 4.971641791044776, 4.971641791044776, 4.971641791044776, 4.971641791044776, 4.971641791044776, 4.971641791044776, 4.971641791044776, 4.971641791044776, 4.971641791044776]",0.0,532.4196052826651,54.11515494482317,850.4418115807098,547.4768549906652,85.67959189414978,0.5711972792943318,6.455665453145704,13272,0.0003,256,0.8,0.05,Unknown,"775.0603,615.4217,486.1495,486.3947,535.0903,556.8243,410.6190,552.4231,608.2033,538.5123,464.7113,629.1019,626.2920,650.4321,850.4418,615.2046,755.7562,751.6588,685.1495,511.9239,558.1007,493.1167,525.4937,563.8492,499.0357,534.2573,510.8667,496.9778,527.2268,529.0596,516.8728,538.9808,520.0893,533.9060,522.4295,526.2647,500.8235,544.5152,498.1497,506.1736,497.0632,492.4311,503.9158,486.2549,488.8836,502.6434,504.7348,548.5058,543.5472,500.6775,554.0508,491.7876,513.1770,499.5044,534.4658,529.1387,538.6747,518.2119,516.9302,539.9149,523.7649,504.4515,551.9311,533.5053,522.9212,531.4185,543.5381,491.6582,569.3442,502.6554,570.0824,513.3549,537.0130,532.5916,497.4882,557.4711,499.0243,497.7886,525.5943,525.5883,501.7509,502.7110,523.6247,563.6124,508.7911,494.6438,533.4003,527.8286,496.7476,520.5651,563.4599,548.1804,522.5252,494.1047,533.1340,495.0077,530.0088,496.5081,529.1437,501.5755,535.1441,555.8455,561.6349,484.3100,503.7911,493.9689,496.1919,556.9905,528.2709,505.6153,555.2587,531.1910,524.7599,492.5607,516.3238,500.1510,541.1004,505.0388,520.0242,525.9181,530.8451,510.9467,488.2272,493.9191,508.3466,540.3018,495.0613,538.0845,501.6920,494.2474,536.1264,537.1225,501.5753,509.4706,504.6720,554.0243,504.8655,504.4019,559.7556,490.0244,521.7016,515.7936,498.5236,536.7220,541.5548,526.1700,530.9418,570.4889,561.1864,547.4769"
20251021_110443_42,RuleDQN_DispatchHeuri,Small-40J10M15D,42,2025-10-21 11:04:43,20,10,15,150,0.0,"[0, 0, 0, 0, 0, 0, 0, 0, 0, 0, 0, 0, 0, 0, 0, 0, 0, 0, 0, 0, 0, 0, 0, 0, 0, 0, 0, 0, 0, 0, 0, 0, 0, 0, 0, 0, 0, 0, 0, 0, 0, 0, 0, 0, 0, 0, 0, 0, 0, 0, 0, 0, 0, 0, 0, 0, 0, 0, 0, 0, 0, 0, 0, 0, 0, 0, 0, 0, 0, 0, 0, 0, 0, 0, 0, 0, 0, 0, 0, 0, 0, 0, 0, 0, 0, 0, 0, 0, 0, 0, 0, 0, 0, 0, 0, 0, 0, 0, 0, 0, 0, 0, 0, 0, 0, 0, 0, 0, 0, 0, 0, 0, 0, 0, 0, 0, 0, 0, 0, 0, 0, 0, 0, 0, 0, 0, 0, 0, 0, 0, 0, 0, 0, 0, 0, 0, 0, 0, 0, 0, 0, 0, 0, 0, 0, 0, 0, 0, 0, 0]",0.0,201.0,200.59333333333333,0.0,0.0,0.0,"[0.36766169154228856, 0.6915422885572139, 0.9955223880597015, 1.9321428571428572, 1.690049751243781, 2.0288557213930347, 2.253233830845771, 2.5865671641791046, 2.9293532338308457, 3.328358208955224, 3.6134328358208956, 3.8567164179104476, 4.155223880597015, 4.398009950248756, 4.54776119402985, 4.704477611940298, 4.798507462686567, 4.9099502487562185, 4.971641791044776, 4.971641791044776, 4.971641791044776, 4.971641791044776, 4.971641791044776, 4.971641791044776, 4.971641791044776, 4.971641791044776, 4.971641791044776, 4.971641791044776, 4.971641791044776, 4.971641791044776, 4.971641791044776, 4.971641791044776, 4.971641791044776, 4.971641791044776, 4.971641791044776, 4.971641791044776, 4.971641791044776, 4.971641791044776, 4.971641791044776, 4.971641791044776, 4.971641791044776, 4.971641791044776, 4.971641791044776, 4.971641791044776, 4.971641791044776, 4.971641791044776, 4.971641791044776, 4.971641791044776, 4.971641791044776, 4.971641791044776, 4.971641791044776, 4.971641791044776, 4.971641791044776, 4.971641791044776, 4.971641791044776, 4.971641791044776, 4.971641791044776, 4.971641791044776, 4.971641791044776, 4.971641791044776, 4.971641791044776, 4.971641791044776, 4.971641791044776, 4.971641791044776, 4.971641791044776, 4.971641791044776, 4.971641791044776, 4.971641791044776, 4.971641791044776, 4.971641791044776, 4.971641791044776, 4.971641791044776, 4.971641791044776, 4.971641791044776, 4.971641791044776, 4.971641791044776, 4.971641791044776, 4.971641791044776, 4.971641791044776, 4.971641791044776, 4.971641791044776, 4.971641791044776, 4.971641791044776, 4.971641791044776, 4.971641791044776, 4.971641791044776, 4.971641791044776, 4.971641791044776, 4.971641791044776, 4.971641791044776, 4.971641791044776, 4.971641791044776, 4.971641791044776, 4.971641791044776, 4.971641791044776, 4.971641791044776, 4.971641791044776, 4.971641791044776, 4.971641791044776, 4.971641791044776, 4.971641791044776, 4.971641791044776, 4.971641791044776, 4.971641791044776, 4.971641791044776, 4.971641791044776, 4.971641791044776, 4.971641791044776, 4.971641791044776, 4.971641791044776, 4.971641791044776, 4.971641791044776, 4.971641791044776, 4.971641791044776, 4.971641791044776, 4.971641791044776, 4.971641791044776, 4.971641791044776, 4.971641791044776, 4.971641791044776, 4.971641791044776, 4.971641791044776, 4.971641791044776, 4.971641791044776, 4.971641791044776, 4.971641791044776, 4.971641791044776, 4.971641791044776, 4.971641791044776, 4.971641791044776, 4.971641791044776, 4.971641791044776, 4.971641791044776, 4.971641791044776, 4.971641791044776, 4.971641791044776, 4.971641791044776, 4.971641791044776, 4.971641791044776, 4.971641791044776, 4.971641791044776, 4.971641791044776, 4.971641791044776, 4.971641791044776, 4.971641791044776, 4.971641791044776, 4.971641791044776, 4.971641791044776, 4.971641791044776, 4.971641791044776]",0.0,532.4196052826651,54.11515494482317,850.4418115807098,547.4768549906652,88.2051477432251,0.5880343182881673,6.645957485173681,13272,0.0003,256,0.8,0.05,Unknown,"775.0603,615.4217,486.1495,486.3947,535.0903,556.8243,410.6190,552.4231,608.2033,538.5123,464.7113,629.1019,626.2920,650.4321,850.4418,615.2046,755.7562,751.6588,685.1495,511.9239,558.1007,493.1167,525.4937,563.8492,499.0357,534.2573,510.8667,496.9778,527.2268,529.0596,516.8728,538.9808,520.0893,533.9060,522.4295,526.2647,500.8235,544.5152,498.1497,506.1736,497.0632,492.4311,503.9158,486.2549,488.8836,502.6434,504.7348,548.5058,543.5472,500.6775,554.0508,491.7876,513.1770,499.5044,534.4658,529.1387,538.6747,518.2119,516.9302,539.9149,523.7649,504.4515,551.9311,533.5053,522.9212,531.4185,543.5381,491.6582,569.3442,502.6554,570.0824,513.3549,537.0130,532.5916,497.4882,557.4711,499.0243,497.7886,525.5943,525.5883,501.7509,502.7110,523.6247,563.6124,508.7911,494.6438,533.4003,527.8286,496.7476,520.5651,563.4599,548.1804,522.5252,494.1047,533.1340,495.0077,530.0088,496.5081,529.1437,501.5755,535.1441,555.8455,561.6349,484.3100,503.7911,493.9689,496.1919,556.9905,528.2709,505.6153,555.2587,531.1910,524.7599,492.5607,516.3238,500.1510,541.1004,505.0388,520.0242,525.9181,530.8451,510.9467,488.2272,493.9191,508.3466,540.3018,495.0613,538.0845,501.6920,494.2474,536.1264,537.1225,501.5753,509.4706,504.6720,554.0243,504.8655,504.4019,559.7556,490.0244,521.7016,515.7936,498.5236,536.7220,541.5548,526.1700,530.9418,570.4889,561.1864,547.4769"
20251021_110807_42,True_Hierarchical_RL_Production+Delivery,Small-0J10M15D,42,2025-10-21 11:08:07,20,10,15,150,0.0,"[0, 0, 0, 0, 0, 0, 0, 0, 0, 0, 0, 0, 0, 0, 0, 0, 0, 0, 0, 0, 0, 0, 0, 0, 0, 0, 0, 0, 0, 0, 0, 0, 0, 0, 0, 0, 0, 0, 0, 0, 0, 0, 0, 0, 0, 0, 0, 0, 0, 0, 0, 0, 0, 0, 0, 0, 0, 0, 0, 0, 0, 0, 0, 0, 0, 0, 0, 0, 0, 0, 0, 0, 0, 0, 0, 0, 0, 0, 0, 0, 0, 0, 0, 0, 0, 0, 0, 0, 0, 0, 0, 0, 0, 0, 0, 0, 0, 0, 0, 0, 0, 0, 0, 0, 0, 0, 0, 0, 0, 0, 0, 0, 0, 0, 0, 0, 0, 0, 0, 0, 0, 0, 0, 0, 0, 0, 0, 0, 0, 0, 0, 0, 0, 0, 0, 0, 0, 0, 0, 0, 0, 0, 0, 0, 0, 0, 0, 0, 0, 0]",0.0,201.0,200.66,0.0,0.0,0.0,"[0.36766169154228856, 0.6960199004975124, 1.3626666666666667, 1.344776119402985, 1.7427860696517412, 2.1308457711442785, 2.390547263681592, 2.754228855721393, 3.1323383084577117, 3.325870646766169, 3.590049751243781, 3.8039800995024877, 4.034825870646766, 4.159701492537313, 4.159701492537313, 4.159701492537313, 4.159701492537313, 4.159701492537313, 4.159701492537313, 4.159701492537313, 4.159701492537313, 4.159701492537313, 4.159701492537313, 4.159701492537313, 4.159701492537313, 4.159701492537313, 4.159701492537313, 4.159701492537313, 4.159701492537313, 4.159701492537313, 4.159701492537313, 4.159701492537313, 4.159701492537313, 4.159701492537313, 4.159701492537313, 4.159701492537313, 4.159701492537313, 4.159701492537313, 4.159701492537313, 4.159701492537313, 4.159701492537313, 4.159701492537313, 4.159701492537313, 4.159701492537313, 4.159701492537313, 4.159701492537313, 4.159701492537313, 4.159701492537313, 4.159701492537313, 4.159701492537313, 4.159701492537313, 4.159701492537313, 4.159701492537313, 4.159701492537313, 4.159701492537313, 4.159701492537313, 4.159701492537313, 4.159701492537313, 4.159701492537313, 4.159701492537313, 4.159701492537313, 4.159701492537313, 4.159701492537313, 4.159701492537313, 4.159701492537313, 4.159701492537313, 4.159701492537313, 4.159701492537313, 4.159701492537313, 4.159701492537313, 4.159701492537313, 4.159701492537313, 4.159701492537313, 4.159701492537313, 4.159701492537313, 4.159701492537313, 4.159701492537313, 4.159701492537313, 4.159701492537313, 4.159701492537313, 4.159701492537313, 4.159701492537313, 4.159701492537313, 4.159701492537313, 4.159701492537313, 4.159701492537313, 4.159701492537313, 4.159701492537313, 4.159701492537313, 4.159701492537313, 4.159701492537313, 4.159701492537313, 4.159701492537313, 4.159701492537313, 4.159701492537313, 4.159701492537313, 4.159701492537313, 4.159701492537313, 4.159701492537313, 4.159701492537313, 4.159701492537313, 4.159701492537313, 4.159701492537313, 4.159701492537313, 4.159701492537313, 4.159701492537313, 4.159701492537313, 4.159701492537313, 4.159701492537313, 4.159701492537313, 4.159701492537313, 4.159701492537313, 4.159701492537313, 4.159701492537313, 4.159701492537313, 4.159701492537313, 4.159701492537313, 4.159701492537313, 4.159701492537313, 4.159701492537313, 4.159701492537313, 4.159701492537313, 4.159701492537313, 4.159701492537313, 4.159701492537313, 4.159701492537313, 4.159701492537313, 4.159701492537313, 4.159701492537313, 4.159701492537313, 4.159701492537313, 4.159701492537313, 4.159701492537313, 4.159701492537313, 4.159701492537313, 4.159701492537313, 4.159701492537313, 4.159701492537313, 4.159701492537313, 4.159701492537313, 4.159701492537313, 4.159701492537313, 4.159701492537313, 4.159701492537313, 4.159701492537313, 4.159701492537313, 4.159701492537313, 4.159701492537313, 4.159701492537313, 4.159701492537313]",0.0,532.6964986208429,42.50025916895832,775.0602594893212,561.0262906236143,73.76182508468628,0.4917455005645752,5.810305244953626,12695,0.0003,128,0.8,0.05,Unknown,"775.0603,612.8193,502.7044,697.6525,578.9852,708.4644,422.7980,596.9694,520.2172,523.0950,519.0678,718.7129,615.3365,585.3548,523.1231,554.1495,495.3410,503.8793,534.8416,503.5602,501.2851,517.6358,521.1725,493.9777,494.4312,492.3400,505.9403,563.4055,553.2932,551.2278,496.2252,569.4387,508.4009,563.4772,540.5128,502.4522,497.2115,539.8143,528.3386,528.3452,551.9072,506.7313,539.9288,526.5932,539.1970,538.2287,504.2052,544.9486,506.5557,533.6078,497.7121,532.4225,568.2607,500.9634,509.0647,489.6179,540.1968,512.1322,518.4560,551.5287,538.4337,582.0691,537.8604,512.0103,567.9313,533.8047,504.5302,537.6645,500.6030,558.9863,539.8307,540.8020,548.5099,504.6756,496.0610,527.2445,543.4976,521.7732,500.2805,545.2758,519.9709,535.1960,512.0835,502.4318,494.9135,489.6629,494.7922,553.8006,501.3474,541.0508,501.2469,568.2426,551.3699,508.6633,568.9872,510.1287,505.2866,535.8136,519.6224,496.0679,541.4350,495.4135,513.1745,503.1015,548.1990,499.4185,502.4138,547.6836,569.2067,539.3574,493.7203,518.6624,537.2364,514.4625,503.0899,505.3161,564.3323,505.5877,567.9040,546.7727,538.9563,530.6852,542.2344,508.5850,527.6315,540.7786,492.2421,536.1141,600.5328,537.8780,509.7714,517.1710,532.2341,560.7045,493.3348,530.8542,498.5766,535.6280,492.7931,541.7649,494.4771,537.3238,532.3269,528.3112,540.7842,507.2283,526.8684,521.9919,543.3394,561.0263"
20251021_110807_42,RuleDQN_DispatchHeuri,Small-40J10M15D,42,2025-10-21 11:08:07,20,10,15,150,0.0,"[0, 0, 0, 0, 0, 0, 0, 0, 0, 0, 0, 0, 0, 0, 0, 0, 0, 0, 0, 0, 0, 0, 0, 0, 0, 0, 0, 0, 0, 0, 0, 0, 0, 0, 0, 0, 0, 0, 0, 0, 0, 0, 0, 0, 0, 0, 0, 0, 0, 0, 0, 0, 0, 0, 0, 0, 0, 0, 0, 0, 0, 0, 0, 0, 0, 0, 0, 0, 0, 0, 0, 0, 0, 0, 0, 0, 0, 0, 0, 0, 0, 0, 0, 0, 0, 0, 0, 0, 0, 0, 0, 0, 0, 0, 0, 0, 0, 0, 0, 0, 0, 0, 0, 0, 0, 0, 0, 0, 0, 0, 0, 0, 0, 0, 0, 0, 0, 0, 0, 0, 0, 0, 0, 0, 0, 0, 0, 0, 0, 0, 0, 0, 0, 0, 0, 0, 0, 0, 0, 0, 0, 0, 0, 0, 0, 0, 0, 0, 0, 0]",0.0,201.0,200.66,0.0,0.0,0.0,"[0.36766169154228856, 0.6960199004975124, 1.3626666666666667, 1.344776119402985, 1.7427860696517412, 2.1308457711442785, 2.390547263681592, 2.754228855721393, 3.1323383084577117, 3.325870646766169, 3.590049751243781, 3.8039800995024877, 4.034825870646766, 4.159701492537313, 4.159701492537313, 4.159701492537313, 4.159701492537313, 4.159701492537313, 4.159701492537313, 4.159701492537313, 4.159701492537313, 4.159701492537313, 4.159701492537313, 4.159701492537313, 4.159701492537313, 4.159701492537313, 4.159701492537313, 4.159701492537313, 4.159701492537313, 4.159701492537313, 4.159701492537313, 4.159701492537313, 4.159701492537313, 4.159701492537313, 4.159701492537313, 4.159701492537313, 4.159701492537313, 4.159701492537313, 4.159701492537313, 4.159701492537313, 4.159701492537313, 4.159701492537313, 4.159701492537313, 4.159701492537313, 4.159701492537313, 4.159701492537313, 4.159701492537313, 4.159701492537313, 4.159701492537313, 4.159701492537313, 4.159701492537313, 4.159701492537313, 4.159701492537313, 4.159701492537313, 4.159701492537313, 4.159701492537313, 4.159701492537313, 4.159701492537313, 4.159701492537313, 4.159701492537313, 4.159701492537313, 4.159701492537313, 4.159701492537313, 4.159701492537313, 4.159701492537313, 4.159701492537313, 4.159701492537313, 4.159701492537313, 4.159701492537313, 4.159701492537313, 4.159701492537313, 4.159701492537313, 4.159701492537313, 4.159701492537313, 4.159701492537313, 4.159701492537313, 4.159701492537313, 4.159701492537313, 4.159701492537313, 4.159701492537313, 4.159701492537313, 4.159701492537313, 4.159701492537313, 4.159701492537313, 4.159701492537313, 4.159701492537313, 4.159701492537313, 4.159701492537313, 4.159701492537313, 4.159701492537313, 4.159701492537313, 4.159701492537313, 4.159701492537313, 4.159701492537313, 4.159701492537313, 4.159701492537313, 4.159701492537313, 4.159701492537313, 4.159701492537313, 4.159701492537313, 4.159701492537313, 4.159701492537313, 4.159701492537313, 4.159701492537313, 4.159701492537313, 4.159701492537313, 4.159701492537313, 4.159701492537313, 4.159701492537313, 4.159701492537313, 4.159701492537313, 4.159701492537313, 4.159701492537313, 4.159701492537313, 4.159701492537313, 4.159701492537313, 4.159701492537313, 4.159701492537313, 4.159701492537313, 4.159701492537313, 4.159701492537313, 4.159701492537313, 4.159701492537313, 4.159701492537313, 4.159701492537313, 4.159701492537313, 4.159701492537313, 4.159701492537313, 4.159701492537313, 4.159701492537313, 4.159701492537313, 4.159701492537313, 4.159701492537313, 4.159701492537313, 4.159701492537313, 4.159701492537313, 4.159701492537313, 4.159701492537313, 4.159701492537313, 4.159701492537313, 4.159701492537313, 4.159701492537313, 4.159701492537313, 4.159701492537313, 4.159701492537313, 4.159701492537313, 4.159701492537313, 4.159701492537313, 4.159701492537313, 4.159701492537313]",0.0,532.6964986208429,42.50025916895832,775.0602594893212,561.0262906236143,76.96320700645447,0.5130880467096964,6.062481843753798,12695,0.0003,128,0.8,0.05,Unknown,"775.0603,612.8193,502.7044,697.6525,578.9852,708.4644,422.7980,596.9694,520.2172,523.0950,519.0678,718.7129,615.3365,585.3548,523.1231,554.1495,495.3410,503.8793,534.8416,503.5602,501.2851,517.6358,521.1725,493.9777,494.4312,492.3400,505.9403,563.4055,553.2932,551.2278,496.2252,569.4387,508.4009,563.4772,540.5128,502.4522,497.2115,539.8143,528.3386,528.3452,551.9072,506.7313,539.9288,526.5932,539.1970,538.2287,504.2052,544.9486,506.5557,533.6078,497.7121,532.4225,568.2607,500.9634,509.0647,489.6179,540.1968,512.1322,518.4560,551.5287,538.4337,582.0691,537.8604,512.0103,567.9313,533.8047,504.5302,537.6645,500.6030,558.9863,539.8307,540.8020,548.5099,504.6756,496.0610,527.2445,543.4976,521.7732,500.2805,545.2758,519.9709,535.1960,512.0835,502.4318,494.9135,489.6629,494.7922,553.8006,501.3474,541.0508,501.2469,568.2426,551.3699,508.6633,568.9872,510.1287,505.2866,535.8136,519.6224,496.0679,541.4350,495.4135,513.1745,503.1015,548.1990,499.4185,502.4138,547.6836,569.2067,539.3574,493.7203,518.6624,537.2364,514.4625,503.0899,505.3161,564.3323,505.5877,567.9040,546.7727,538.9563,530.6852,542.2344,508.5850,527.6315,540.7786,492.2421,536.1141,600.5328,537.8780,509.7714,517.1710,532.2341,560.7045,493.3348,530.8542,498.5766,535.6280,492.7931,541.7649,494.4771,537.3238,532.3269,528.3112,540.7842,507.2283,526.8684,521.9919,543.3394,561.0263"
20251021_113400_42,True_Hierarchical_RL_Production+Delivery,Small-0J2M2D,42,2025-10-21 11:34:00,4,2,2,2,0.0,"[0, 0]",0.0,201.0,201.0,0.0,0.0,0.0,"[0.23383084577114427, 0.4129353233830846]",0.0,348.6073004061416,57.270463398693096,405.8777638048347,291.3368370074485,1.318998098373413,0.6594990491867065,9.557957234589951,138,0.0003,128,0.8,0.05,Unknown,"405.8778,291.3368"
20251021_131610_42,Hierarchical_DQN,Small-0J2M2D,42,2025-10-21 13:16:10,4,2,2,1,0.0,[0],0.0,201.0,201.0,0.0,0.0,0.0,[0.2263681592039801],0.0,432.63680998475,0.0,432.63680998475,432.63680998475,0.43453001976013184,0.43453001976013184,7.242166996002197,60,0.0003,128,0.8,0.05,Unknown,432.6368
20251021_131644_42,Hierarchical_DQN,Small-0J2M2D,42,2025-10-21 13:16:44,4,2,2,1,0.0,[0],0.0,201.0,201.0,0.0,0.0,0.0,[0.2263681592039801],0.0,432.63680998475,0.0,432.63680998475,432.63680998475,0.8211078643798828,0.8211078643798828,13.685131072998047,60,0.0003,128,0.8,0.05,Unknown,432.6368
