instance,algorithm,T_internal,makespan,total_cost,production_cost,transportation_cost,tardiness,feasible,computation_time,schedule_length
instance_m10_j20_s1.json,SPT_Rule,50,562.0,6620.0,5620.0,1000,512.0,False,0.002849102020263672,173
instance_m10_j20_s1.json,EDD_Rule,50,645.0,7450.0,6450.0,1000,595.0,False,0.003676891326904297,173
instance_m10_j20_s1.json,Composite_Rule,50,561.0,6610.0,5610.0,1000,511.0,False,0.005409955978393555,173
instance_m10_j20_s1.json,DQN_Algorithm,50,562.0,6620.0,5620.0,1000,512.0,False,1.9676449298858643,173
instance_m10_j20_s1.json,PPO_Algorithm,50,645.0,7450.0,6450.0,1000,595.0,False,0.00571894645690918,173
instance_m10_j20_s1.json,A2C_Algorithm,50,562.0,6620.0,5620.0,1000,512.0,False,0.007912874221801758,173
instance_m10_j20_s1.json,SPT_Rule,100,562.0,6620.0,5620.0,1000,462.0,False,0.005502939224243164,173
instance_m10_j20_s1.json,EDD_Rule,100,645.0,7450.0,6450.0,1000,545.0,False,0.007599830627441406,173
instance_m10_j20_s1.json,Composite_Rule,100,620.0,7200.0,6200.0,1000,520.0,False,0.005536079406738281,173
instance_m10_j20_s1.json,DQN_Algorithm,100,562.0,6620.0,5620.0,1000,462.0,False,0.00445103645324707,173
instance_m10_j20_s1.json,PPO_Algorithm,100,645.0,7450.0,6450.0,1000,545.0,False,0.0039980411529541016,173
instance_m10_j20_s1.json,A2C_Algorithm,100,562.0,6620.0,5620.0,1000,462.0,False,0.007681846618652344,173
instance_m10_j20_s1.json,SPT_Rule,150,562.0,6620.0,5620.0,1000,412.0,False,0.004789113998413086,173
instance_m10_j20_s1.json,EDD_Rule,150,645.0,7450.0,6450.0,1000,495.0,False,0.0042760372161865234,173
instance_m10_j20_s1.json,Composite_Rule,150,605.0,7050.0,6050.0,1000,455.0,False,0.006417036056518555,173
instance_m10_j20_s1.json,DQN_Algorithm,150,562.0,6620.0,5620.0,1000,412.0,False,0.0046808719635009766,173
instance_m10_j20_s1.json,PPO_Algorithm,150,645.0,7450.0,6450.0,1000,495.0,False,0.003330230712890625,173
instance_m10_j20_s1.json,A2C_Algorithm,150,562.0,6620.0,5620.0,1000,412.0,False,0.005545854568481445,173
instance_m10_j20_s2.json,SPT_Rule,50,705.0,8050.0,7050.0,1000,655.0,False,0.005995035171508789,235
instance_m10_j20_s2.json,EDD_Rule,50,768.0,8680.0,7680.0,1000,718.0,False,0.007748126983642578,235
instance_m10_j20_s2.json,Composite_Rule,50,685.0,7850.0,6850.0,1000,635.0,False,0.013036012649536133,235
instance_m10_j20_s2.json,DQN_Algorithm,50,705.0,8050.0,7050.0,1000,655.0,False,0.009299039840698242,235
instance_m10_j20_s2.json,PPO_Algorithm,50,768.0,8680.0,7680.0,1000,718.0,False,0.005546092987060547,235
instance_m10_j20_s2.json,A2C_Algorithm,50,705.0,8050.0,7050.0,1000,655.0,False,0.0118408203125,235
instance_m10_j20_s2.json,SPT_Rule,100,705.0,8050.0,7050.0,1000,605.0,False,0.00725102424621582,235
instance_m10_j20_s2.json,EDD_Rule,100,768.0,8680.0,7680.0,1000,668.0,False,0.00799703598022461,235
instance_m10_j20_s2.json,Composite_Rule,100,724.0,8240.0,7240.0,1000,624.0,False,0.008263826370239258,235
instance_m10_j20_s2.json,DQN_Algorithm,100,705.0,8050.0,7050.0,1000,605.0,False,0.007091045379638672,235
instance_m10_j20_s2.json,PPO_Algorithm,100,768.0,8680.0,7680.0,1000,668.0,False,0.004229068756103516,235
instance_m10_j20_s2.json,A2C_Algorithm,100,705.0,8050.0,7050.0,1000,605.0,False,0.007759809494018555,235
instance_m10_j20_s2.json,SPT_Rule,150,705.0,8050.0,7050.0,1000,555.0,False,0.007531881332397461,235
instance_m10_j20_s2.json,EDD_Rule,150,768.0,8680.0,7680.0,1000,618.0,False,0.0051152706146240234,235
instance_m10_j20_s2.json,Composite_Rule,150,684.0,7840.0,6840.0,1000,534.0,False,0.010346174240112305,235
instance_m10_j20_s2.json,DQN_Algorithm,150,705.0,8050.0,7050.0,1000,555.0,False,0.003989696502685547,235
instance_m10_j20_s2.json,PPO_Algorithm,150,768.0,8680.0,7680.0,1000,618.0,False,0.0048940181732177734,235
instance_m10_j20_s2.json,A2C_Algorithm,150,705.0,8050.0,7050.0,1000,555.0,False,0.009095907211303711,235
instance_m10_j20_s3.json,SPT_Rule,50,633.0,7330.0,6330.0,1000,583.0,False,0.005469799041748047,193
instance_m10_j20_s3.json,EDD_Rule,50,639.0,7390.0,6390.0,1000,589.0,False,0.006533145904541016,193
instance_m10_j20_s3.json,Composite_Rule,50,591.0,6910.0,5910.0,1000,541.0,False,0.0056819915771484375,193
instance_m10_j20_s3.json,DQN_Algorithm,50,633.0,7330.0,6330.0,1000,583.0,False,0.008044958114624023,193
instance_m10_j20_s3.json,PPO_Algorithm,50,639.0,7390.0,6390.0,1000,589.0,False,0.003870248794555664,193
instance_m10_j20_s3.json,A2C_Algorithm,50,633.0,7330.0,6330.0,1000,583.0,False,0.005693912506103516,193
instance_m10_j20_s3.json,SPT_Rule,100,633.0,7330.0,6330.0,1000,533.0,False,0.004260063171386719,193
instance_m10_j20_s3.json,EDD_Rule,100,639.0,7390.0,6390.0,1000,539.0,False,0.004208087921142578,193
instance_m10_j20_s3.json,Composite_Rule,100,573.0,6730.0,5730.0,1000,473.0,False,0.00435185432434082,193
instance_m10_j20_s3.json,DQN_Algorithm,100,633.0,7330.0,6330.0,1000,533.0,False,0.002991199493408203,193
instance_m10_j20_s3.json,PPO_Algorithm,100,639.0,7390.0,6390.0,1000,539.0,False,0.002794981002807617,193
instance_m10_j20_s3.json,A2C_Algorithm,100,633.0,7330.0,6330.0,1000,533.0,False,0.005964040756225586,193
instance_m10_j20_s3.json,SPT_Rule,150,633.0,7330.0,6330.0,1000,483.0,False,0.003017902374267578,193
instance_m10_j20_s3.json,EDD_Rule,150,639.0,7390.0,6390.0,1000,489.0,False,0.004060983657836914,193
instance_m10_j20_s3.json,Composite_Rule,150,658.0,7580.0,6580.0,1000,508.0,False,0.006654262542724609,193
instance_m10_j20_s3.json,DQN_Algorithm,150,633.0,7330.0,6330.0,1000,483.0,False,0.002672910690307617,193
instance_m10_j20_s3.json,PPO_Algorithm,150,639.0,7390.0,6390.0,1000,489.0,False,0.002414226531982422,193
instance_m10_j20_s3.json,A2C_Algorithm,150,633.0,7330.0,6330.0,1000,483.0,False,0.0044329166412353516,193
